{
  "epoch": [
    1,
    2,
    3,
    4,
    5
  ],
  "train_loss": [
    2.2609728728301075,
    1.5682088669904222,
    1.2692942545341384,
    1.0967801565029582,
    0.9930484172052745
  ],
  "val_acc": [
    0.509090909090909,
    0.7865102639296188,
    0.8346041055718475,
    0.866275659824047,
    0.8768328445747801
  ],
  "val_f1": [
    0.4921129020572994,
    0.775016575892132,
    0.8358758681190172,
    0.8666288710118727,
    0.8764436068015303
  ]
}